{"cameraMode":{"drawMode":0,"name":"Shaded","section":"Shading Mode"},"sceneLighting":false,"audioPlay":false,"sceneViewState":{"showFog":false,"showMaterialUpdate":false,"showSkybox":false,"showFlares":false,"showImageEffects":false,"showParticleSystems":false},"in2DMode":false,"pivot":{"x":-2.623948574066162,"y":3.9836769104003908,"z":0.0},"rotation":{"x":0.00004064751192345284,"y":0.9999199509620667,"z":-0.0033093467354774477,"w":0.012300563976168633},"size":86.57980346679688,"orthographic":false}